english	russian
the	определённый артикль
be	быть
to	к; чтобы
of	из; о; принадлежность
and	и
a	неопределённый артикль
in	в
that	тот; что
have	иметь
I	я
it	это; оно
for	для
not	не
on	на
with	с
he	он
as	как; в качестве
you	ты; вы
do	делать
at	в; у; на
this	этот
but	но
his	его
by	у; посредством
from	из; от
they	они
we	мы
say	говорить
her	её; ей
she	она
or	или
an	неопределённый артикль
will	будет; воля
my	мой
one	один
all	все; весь
would	бы; хотел бы
there	там
their	их
what	что; какой
so	так; поэтому
up	вверх
out	наружу; из
after	после
about	о; примерно
who	кто
get	получать
which	который
go	идти; ехать
me	мне; меня
when	когда
make	делать; создавать
can	мочь
like	нравиться; как
time	время
no	нет; никакой
just	только; просто
him	ему; его
know	знать
take	брать; занимать
people	люди
into	внутрь
see	видеть
your	твой; ваш
come	приходить
could	мог бы
now	сейчас
than	чем
then	тогда
think	думать
also	также
back	назад
other	другой
how	как
our	наш
work	работа; работать
first	первый
well	хорошо
way	путь; способ
even	даже
new	новый
want	хотеть
because	потому что
these	эти
give	давать
day	день
most	большинство; самый
us	нас; нам
is	есть; является
are	есть; являются
was	был; была
were	были
been	был; было
being	бытие; являясь
had	имел
has	имеет
did	делал
does	делает
may	может
might	мог бы
must	должен
should	следует; должен
very	очень
much	много
many	много
more	больше
some	некоторые; немного
any	любой; какой-либо
each	каждый
every	каждый
both	оба
few	несколько; мало
little	маленький; немного
own	собственный
same	тот же
another	другой; ещё один
such	такой
only	только; единственный
again	снова
still	всё ещё
already	уже
ever	когда-либо
never	никогда
always	всегда
often	часто
sometimes	иногда
usually	обычно
soon	скоро
later	позже
before	до; раньше
while	пока; в то время как
where	где
why	почему
whether	ли
if	если
though	хотя
although	хотя
however	однако
therefore	поэтому
too	тоже; слишком
really	действительно
probably	вероятно
perhaps	возможно
maybe	может быть
almost	почти
enough	достаточно
quite	довольно
rather	скорее
especially	особенно
simply	просто
actually	на самом деле
finally	наконец
recently	недавно
currently	сейчас; в настоящее время
ago	назад
away	прочь
here	здесь
inside	внутри
outside	снаружи
above	выше
below	ниже
under	под
over	над; через
between	между
among	среди
around	вокруг
through	через
across	через; поперёк
along	вдоль
against	против
without	без
within	внутри; в пределах
behind	позади
beside	рядом
near	рядом; близко
far	далеко
toward	к; в направлении
until	до
since	с тех пор; поскольку
during	во время
per	на; за
home	дом
house	дом
room	комната
door	дверь
window	окно
wall	стена
floor	пол; этаж
roof	крыша
kitchen	кухня
bathroom	ванная комната
bedroom	спальня
bed	кровать
chair	стул
table	стол
desk	письменный стол
sofa	диван
light	свет; лёгкий
lamp	лампа
key	ключ
lock	замок
box	коробка
bag	сумка
bottle	бутылка
cup	чашка
glass	стакан; стекло
plate	тарелка
spoon	ложка
fork	вилка
knife	нож
pan	сковорода
pot	кастрюля
fridge	холодильник
oven	духовка
stove	плита
washing	стирка
machine	машина; устройство
phone	телефон
computer	компьютер
laptop	ноутбук
screen	экран
keyboard	клавиатура
mouse	мышь
camera	камера
photo	фотография
picture	картинка
video	видео
music	музыка
song	песня
book	книга
page	страница
paper	бумага
pen	ручка
pencil	карандаш
letter	буква; письмо
word	слово
sentence	предложение
text	текст
message	сообщение
email	электронная почта
call	звонок; звонить
number	число; номер
name	имя
address	адрес
street	улица
road	дорога
city	город
town	городок
village	деревня
country	страна
world	мир
place	место
area	область; район
center	центр
side	сторона
end	конец
start	начало; начинать
point	точка; смысл
line	линия; очередь
group	группа
team	команда
company	компания
business	бизнес
job	работа; должность
career	карьера
office	офис
school	школа
university	университет
class	класс; занятие
lesson	урок
course	курс
student	студент
teacher	учитель
person	человек
man	мужчина
woman	женщина
boy	мальчик
girl	девочка
child	ребёнок
children	дети
baby	младенец
family	семья
parent	родитель
mother	мать
father	отец
mom	мама
dad	папа
son	сын
daughter	дочь
brother	брат
sister	сестра
husband	муж
wife	жена
friend	друг
neighbor	сосед
member	участник
customer	клиент
client	клиент
user	пользователь
manager	менеджер
boss	начальник
worker	работник
employee	сотрудник
doctor	врач
nurse	медсестра
police	полиция
driver	водитель
engineer	инженер
developer	разработчик
seller	продавец
buyer	покупатель
waiter	официант
cook	повар; готовить
body	тело
head	голова
face	лицо
eye	глаз
ear	ухо
nose	нос
mouth	рот
tooth	зуб
teeth	зубы
neck	шея
shoulder	плечо
arm	рука
hand	кисть; рука
finger	палец
leg	нога
foot	ступня
feet	ступни
heart	сердце
blood	кровь
hair	волосы
skin	кожа
brain	мозг
health	здоровье
pain	боль
sick	больной
ill	больной
healthy	здоровый
strong	сильный
weak	слабый
tired	уставший
sleep	сон; спать
wake	просыпаться
rest	отдых
food	еда
water	вода
coffee	кофе
tea	чай
milk	молоко
juice	сок
bread	хлеб
rice	рис
meat	мясо
chicken	курица
fish	рыба
egg	яйцо
cheese	сыр
butter	масло
soup	суп
salad	салат
fruit	фрукт
apple	яблоко
banana	банан
orange	апельсин
lemon	лимон
grape	виноград
vegetable	овощ
potato	картофель
tomato	помидор
onion	лук
carrot	морковь
salt	соль
sugar	сахар
breakfast	завтрак
lunch	обед
dinner	ужин
meal	приём пищи
restaurant	ресторан
menu	меню
bill	счёт
money	деньги
price	цена
cost	стоимость; стоить
cash	наличные
card	карта; карточка
bank	банк
account	счёт
payment	платёж
pay	платить
buy	покупать
sell	продавать
shop	магазин; покупать
store	магазин; хранить
market	рынок
order	заказ; заказывать
service	сервис; услуга
product	продукт; товар
thing	вещь
stuff	вещи; материал
car	машина
taxi	такси
bus	автобус
train	поезд
plane	самолёт
flight	рейс; полёт
airport	аэропорт
station	станция
stop	остановка; останавливаться
ticket	билет
trip	поездка
travel	путешествовать
journey	путешествие
vacation	отпуск
holiday	праздник; отпуск
hotel	отель
map	карта
direction	направление
left	левый; налево
right	правый; правильно
straight	прямо
north	север
south	юг
east	восток
west	запад
morning	утро
afternoon	день после полудня
evening	вечер
night	ночь
today	сегодня
tomorrow	завтра
yesterday	вчера
week	неделя
month	месяц
year	год
hour	час
minute	минута
second	секунда
moment	момент
Monday	понедельник
Tuesday	вторник
Wednesday	среда
Thursday	четверг
Friday	пятница
Saturday	суббота
Sunday	воскресенье
January	январь
February	февраль
March	март
April	апрель
June	июнь
July	июль
August	август
September	сентябрь
October	октябрь
November	ноябрь
December	декабрь
spring	весна
summer	лето
autumn	осень
winter	зима
weather	погода
sun	солнце
rain	дождь
snow	снег
wind	ветер
cloud	облако
sky	небо
hot	горячий; жарко
warm	тёплый
cool	прохладный
cold	холодный
nature	природа
tree	дерево
flower	цветок
grass	трава
forest	лес
mountain	гора
river	река
lake	озеро
sea	море
ocean	океан
beach	пляж
island	остров
earth	земля
fire	огонь
air	воздух
animal	животное
dog	собака
cat	кошка
bird	птица
horse	лошадь
cow	корова
pig	свинья
sheep	овца
rabbit	кролик
bear	медведь
lion	лев
tiger	тигр
insect	насекомое
life	жизнь
death	смерть
birth	рождение
age	возраст
problem	проблема
question	вопрос
answer	ответ
idea	идея
reason	причина; разум
result	результат
example	пример
fact	факт
information	информация
news	новости
story	история; рассказ
history	история
future	будущее
past	прошлое
present	настоящее; подарок
change	изменение; менять
chance	шанс
choice	выбор
decision	решение
plan	план
goal	цель
purpose	цель; назначение
rule	правило
law	закон
system	система
process	процесс
program	программа
project	проект
task	задача
case	случай; дело
part	часть
piece	кусок
kind	вид; добрый
type	тип
form	форма
level	уровень
state	состояние; государство
condition	условие; состояние
situation	ситуация
experience	опыт
knowledge	знание
skill	навык
ability	способность
power	сила; власть
control	контроль
support	поддержка
help	помощь; помогать
need	нужда; нуждаться
use	использовать
try	пытаться
learn	учить; изучать
study	учиться; изучать
teach	учить; преподавать
remember	помнить
forget	забывать
understand	понимать
mean	значить; средний
explain	объяснять
ask	спрашивать
speak	говорить
talk	разговаривать
tell	рассказывать; говорить
listen	слушать
hear	слышать
read	читать
write	писать
watch	смотреть
look	смотреть; выглядеть
show	показывать
find	находить
search	искать
check	проверять
test	тестировать
compare	сравнивать
choose	выбирать
select	выбирать
add	добавлять
remove	удалять
delete	удалять
create	создавать
build	строить; создавать
open	открывать
close	закрывать
turn	поворачивать; очередь
move	двигаться
run	бежать; запускать
walk	ходить пешком
stand	стоять
sit	сидеть
lie	лежать; лгать
jump	прыгать
fall	падать
rise	подниматься
carry	нести
bring	приносить
put	класть
keep	держать; хранить
hold	держать
leave	оставлять; уходить
stay	оставаться
live	жить
die	умирать
meet	встречать
visit	посещать
arrive	прибывать
reach	достигать
return	возвращаться
enter	входить
exit	выходить
follow	следовать
lead	вести
send	отправлять
receive	получать
wait	ждать
begin	начинать
continue	продолжать
finish	заканчивать
play	играть
win	выигрывать
lose	проигрывать; терять
happen	случаться
become	становиться
grow	расти
increase	увеличивать
decrease	уменьшать
improve	улучшать
reduce	снижать
break	ломать; перерыв
fix	чинить
cut	резать
clean	чистить
wash	мыть
dry	сушить; сухой
eat	есть
drink	пить
dream	мечтать; сон
wear	носить одежду
dress	одеваться; платье
drive	водить
ride	ехать верхом; поездка
fly	летать
swim	плавать
spend	тратить
save	сохранять; экономить
contact	связываться
reply	отвечать
respond	отвечать
agree	соглашаться
disagree	не соглашаться
accept	принимать
refuse	отказываться
allow	разрешать
permit	разрешать
prevent	предотвращать
protect	защищать
attack	атаковать
fight	драться; бороться
kill	убивать
love	любить
hate	ненавидеть
prefer	предпочитать
wish	желать
hope	надеяться
expect	ожидать
believe	верить
trust	доверять
feel	чувствовать
seem	казаться
appear	появляться; казаться
belong	принадлежать
include	включать
contain	содержать
require	требовать
provide	предоставлять
offer	предлагать
suggest	предлагать
recommend	рекомендовать
decide	решать
prepare	готовить
ready	готовый
possible	возможный
impossible	невозможный
important	важный
necessary	необходимый
useful	полезный
helpful	полезный
common	распространённый
popular	популярный
special	особенный
normal	нормальный
usual	обычный
strange	странный
different	разный
similar	похожий
big	большой
large	большой
small	маленький
long	длинный
short	короткий
high	высокий
low	низкий
wide	широкий
narrow	узкий
thick	толстый
thin	тонкий
heavy	тяжёлый
fast	быстрый
slow	медленный
early	ранний; рано
late	поздний; поздно
old	старый
young	молодой
modern	современный
ancient	древний
good	хороший
bad	плохой
better	лучше
best	лучший
worse	хуже
worst	худший
wrong	неправильный
true	истинный
false	ложный
real	реальный
sure	уверенный
clear	ясный
simple	простой
easy	лёгкий
hard	трудный; твёрдый
difficult	трудный
free	свободный; бесплатный
busy	занятый
full	полный
empty	пустой
closed	закрытый
safe	безопасный
dangerous	опасный
dirty	грязный
rich	богатый
poor	бедный
cheap	дешёвый
expensive	дорогой
beautiful	красивый
pretty	красивый; довольно
ugly	некрасивый
nice	приятный
great	отличный; великий
wonderful	замечательный
excellent	отличный
perfect	идеальный
happy	счастливый
sad	грустный
angry	злой
afraid	испуганный
scared	напуганный
surprised	удивлённый
excited	взволнованный
bored	скучающий
calm	спокойный
friendly	дружелюбный
polite	вежливый
honest	честный
serious	серьёзный
funny	смешной
smart	умный
clever	умный
stupid	глупый
careful	осторожный
careless	небрежный
alive	живой
dead	мёртвый
married	женатый; замужняя
single	одинокий; один
black	чёрный
white	белый
red	красный
blue	синий
green	зелёный
yellow	жёлтый
brown	коричневый
gray	серый
pink	розовый
purple	фиолетовый
color	цвет
shape	форма
size	размер
two	два
three	три
four	четыре
five	пять
six	шесть
seven	семь
eight	восемь
nine	девять
ten	десять
eleven	одиннадцать
twelve	двенадцать
thirteen	тринадцать
fourteen	четырнадцать
fifteen	пятнадцать
sixteen	шестнадцать
seventeen	семнадцать
eighteen	восемнадцать
nineteen	девятнадцать
twenty	двадцать
hundred	сто
thousand	тысяча
million	миллион
third	третий
last	последний
next	следующий
previous	предыдущий
half	половина
quarter	четверть
pair	пара
total	итого; общий
amount	количество; сумма
less	меньше
least	меньше всего
zero	ноль
plus	плюс
minus	минус
equal	равный
percent	процент
language	язык
English	английский
Russian	русский
translate	переводить
translation	перевод
meaning	значение
pronunciation	произношение
sound	звук
voice	голос
accent	акцент
grammar	грамматика
verb	глагол
noun	существительное
adjective	прилагательное
adverb	наречие
phrase	фраза
conversation	разговор
mistake	ошибка
correct	правильный; исправлять
practice	практика; практиковаться
repeat	повторять
review	повторение; обзор
memory	память
exercise	упражнение
training	тренировка
exam	экзамен
mark	оценка; отметка
score	счёт; балл
success	успех
failure	неудача
progress	прогресс
beginner	начинающий
advanced	продвинутый
basic	базовый
technology	технология
internet	интернет
website	сайт
web	веб
app	приложение
application	приложение
software	программное обеспечение
hardware	оборудование
file	файл
folder	папка
data	данные
database	база данных
server	сервер
network	сеть
connection	соединение
password	пароль
login	вход
code	код
error	ошибка
bug	ошибка программы
feature	функция; возможность
version	версия
update	обновление
install	устанавливать
download	скачивать
upload	загружать
click	нажимать
button	кнопка
settings	настройки
option	вариант; настройка
link	ссылка
online	онлайн
offline	офлайн
notification	уведомление
security	безопасность
private	частный; приватный
public	публичный
access	доступ
edit	редактировать
copy	копировать
paste	вставлять
share	делиться
load	загружать
connect	подключать
disconnect	отключать
restart	перезапускать
method	метод
function	функция
value	значение
field	поле
list	список
queue	очередь
row	строка
column	столбец
request	запрос
response	ответ
status	статус
event	событие
thread	поток
space	пространство
speed	скорость
performance	производительность
quality	качество
limit	лимит
maximum	максимум
minimum	минимум
average	средний
current	текущий
default	по умолчанию
local	локальный
remote	удалённый
main	главный
general	общий
specific	конкретный
available	доступный
unavailable	недоступный
active	активный
inactive	неактивный
complete	полный; завершённый
release	релиз; выпуск
develop	разрабатывать
design	дизайн; проектировать
issue	проблема; вопрос
solution	решение
meeting	встреча
deadline	срок
report	отчёт
contract	договор
salary	зарплата
sale	продажа
purchase	покупка
discount	скидка
quick	быстрый
care	забота; заботиться
attention	внимание
focus	сосредоточенность; фокус
interest	интерес
matter	иметь значение; дело
whose	чей
acceptance	принятие
accident	несчастный случай
activity	деятельность
advice	совет
afford	позволить себе
ahead	впереди
alone	один; в одиночестве
anyone	кто-нибудь
anything	что-нибудь
anywhere	где-нибудь
avoid	избегать
balance	баланс
behavior	поведение
bottom	низ
branch	ветка
bridge	мост
capital	столица; капитал
cause	причина; вызывать
certain	определённый; уверенный
community	сообщество
consider	рассматривать; считать
culture	культура
damage	ущерб
danger	опасность
detail	деталь
difference	разница
effect	эффект
energy	энергия
environment	окружающая среда
everyone	все
everything	всё
exactly	точно
force	сила; заставлять
forward	вперёд
government	правительство
ground	земля; поверхность
human	человек; человеческий
industry	промышленность
instead	вместо
international	международный
likely	вероятный
major	главный; крупный
material	материал
natural	естественный
nothing	ничего
notice	замечать; уведомление
opportunity	возможность
original	оригинальный
personal	личный
position	позиция; должность
pressure	давление
produce	производить
relationship	отношения
research	исследование
resource	ресурс
risk	риск
role	роль
sense	чувство; смысл
society	общество
source	источник
subject	предмет; тема
term	термин; срок
traditional	традиционный
view	вид; мнение
whatever	что угодно
whole	целый
wonder	интересоваться; чудо
accounting	бухгалтерский учёт
adult	взрослый
advantage	преимущество
agreement	соглашение
article	статья
board	доска; совет
budget	бюджет
campaign	кампания
challenge	вызов; сложная задача
character	характер; персонаж
communication	общение
competition	конкуренция
consumer	потребитель
content	содержание
context	контекст
degree	степень
education	образование
employment	занятость
finance	финансы
growth	рост
impact	влияние
individual	отдельный человек; индивидуальный
management	управление
organization	организация
policy	политика; правило
population	население
production	производство
professional	профессиональный
property	собственность; свойство
responsibility	ответственность
section	раздел
strategy	стратегия
structure	структура
